{
  "pearson_mean": -0.29252801923709054,
  "pearson_mean_ci_lower": -0.2967086790057061,
  "pearson_mean_ci_upper": -0.2887542578521293
}