{
  "mean_centered_pearson": -0.32174950205017744,
  "mean_raw_mse": 0.01036964970622334,
  "mean_centered_rmse": 0.09403081766806606,
  "P": 1837,
  "G": 20
}