{
  "mean_centered_pearson": -0.30416547255484844,
  "mean_raw_mse": 0.011175816335128307,
  "mean_centered_rmse": 0.10074306830387522,
  "P": 1837,
  "G": 200
}