{
  "test": "seen_tf_cv",
  "n_folds": 5,
  "max_genes": 50,
  "mean_pearson": -0.021811501365825173,
  "std_pearson": 0.1427017670259158,
  "mean_rmse": 0.09964355165773063,
  "pred_mean": -7.93277558298381e-05,
  "pred_std": 0.0026649511857119103
}